;web_page;url_logo;status
0;http://facebook.com;https://static.xx.fbcdn.net/rsrc.php/y8/r/dF5SId3UHWd.svg;1
1;http://twitter.com;https://abs.twimg.com/errors/logo46x38.png;1
2;http://ask.com;https://www.ask.com/wp-content/themes/ask-2022/assets/images/site-Logo.svg;1
4;http://go.com;https://static-mh.content.disney.io/matterhorn/assets/logos/disney_logo_dark-baa807690db7.png;1
5;http://indeed.com;https://d3fw5vlhllyvee.cloudfront.net/dist/header/ukraine_support.7ad2b5d444bc427dbc5d.png;1
8;http://directv.com;https://www.directv.com/dtvassets/global/logos/dtv/directv/directv_hz_rgb_rev.svg;1
10;http://surveymonkey.com;https://prod.smassets.net/assets/website/2.180.0/images/logo-surveymonkey.svg;1
13;http://aol.com;https://s.yimg.com/cv/apiv2/default/20190830/aol-logo.svg;1
19;http://lg.com;https://www.lg.com/lg5-common/images/common/header/logo-b2c.jpg;1
23;http://wix.com;https://static.wixstatic.com/media/311dce_1ce121f609e448f3882eba93e995f297~mv2.png/v1/fill/w_27,h_28,al_c,q_85,usm_0.66_1.00_0.01,enc_auto/%F0%9F%87%BA%F0%9F%87%A6.png;1
25;http://dish.com;https://sc.dish.com/shared/images/station-logos/pac12.png;1
26;http://shareasale.com;https://www.shareasale.com/info/wp-content/uploads/2020/03/u178.svg;1
29;http://bizrate.com;https://s1.cnnx.io/creative_services/bizrate/jumbo/2013/10_october/BZ-131104DigitalCameraJumbo-00b.jpg;1
35;http://hubspot.com;https://www.hubspot.com/hubfs/SUI-Homepage-Header-Desktop@2x.png;1
37;http://skype.com;https://secure.skypeassets.com/content/dam/scom/images/logos/re1mu3b.png;1
40;http://reachlocal.com;https://www.reachlocal.com/sites/default/files/logo-white.png;1
44;http://rackspace.com;https://www.rackspace.com/sites/default/files/2020-11/gartner.jpg;1
47;http://spiceworks.com;https://pimages.toolbox.com/650x375/wp-content/uploads/2022/08/17161441/Digital-Accessibility-The-Right-Thing-To-Do-Is-Also-Good-For-Business.png;1
49;http://verticalresponse.com;https://verticalresponse.net/wp-content/uploads/2021/03/VRLogoTag.2C.png;1
51;http://zagg.com;https://www.zagg.com/static/version1659969189/frontend/zagg/master/en_US/Mageplaza_LazyLoading/mageplaza/lazyloading/loader.gif;1
55;http://formstack.com;https://assets-global.website-files.com/5e84fbb7a2e28dc5497c62f3/5f89c453ab7da01bba858ae2_element-formstack-dark-logo.svg;1
59;http://icontact.com;https://www.icontact.com/wp-content/uploads/icontact-logo-color-web-1.svg;1
62;http://avaya.com;https://www.avaya.com/static/avaya/assets/images/avaya-logo-vertical-white.png;1
63;http://bigcommerce.com;https://www-cdn.bigcommerce.com/assets/bc-logo-dark-SUPPORT-UKRAINE-opt.svg;1
64;http://yandex.ru;https://yastatic.net/s3/home-static/_/13/13f0b2d23a7039cba2b2955e782ff981.png;1
72;http://baidu.com;https://dss0.bdstatic.com/5aV1bjqh_Q23odCf/static/superman/img/topnav/newfanyi-da0cea8f7e.png;1
76;http://sonymobile.com;https://d1ncau8tqf99kp.cloudfront.net/media/sony-logo-200.png;1
80;http://campusexplorer.com;https://www.campusexplorer.com/wp-content/uploads/2021/08/CampusExplorer_logo.png.svg;1
82;http://marinsoftware.com;https://assets-global.website-files.com/60ffbc3a211dee0d1874db96/62d87cf957fb8b4fadafb17a_m1-circle-color.svg;1
85;http://mail.com;https://s.uicdn.com/mailint/9.2035.0/assets/header/logo_mobile.png;1
88;http://1and1.com;https://cu1.uicdn.net/716/6f2178b9b3fa59dfcf43a5ac18e97/frontend-applications-common/vi-www.svg;1
89;http://bluejeans.com;https://www.bluejeans.com/sites/default/files/logos/G2%20Crowd%20Rating.svg;1
94;http://hughesnet.com;https://www.hughesnet.com/sites/default/files/USNews2022-min.jpg;1
95;http://aweber.com;https://assets.aweber-static.com/www/assets/img/svg/chev-right.8a294040.svg;1
97;http://neat.com;https://3938vt31fpm84aufi94co9yh-wpengine.netdna-ssl.com/wp-content/uploads/2021/02/logo-sized-for-website-1x.svg;1
99;http://megapath.com;https://www.fusionconnect.com/hubfs/images/logos/logo.png;1
101;http://boingo.com;https://www.boingo.com/wp-content/themes/boingo-2019/img/boingo_logo.svg;1
104;http://fonality.com;https://www.netfortris.com/wp-content/uploads/2022/03/NF-A-Sangoma-Company-Logo.png;1
105;http://globo.com;https://s3.glbimg.com/v1/AUTH_fd78dc4be9404a2e92b908ade306e9e6/prod/push_web_svgs/notifications-24-px.svg;1
110;http://naver.com;https://s.pstatic.net/static/newsstand/2020/logo/light/0604/076.png;1
112;http://sproutsocial.com;https://media.sproutsocial.com/uploads/LP-getting-to-know-publishing.png;1
113;http://dishnetwork.com;https://sc.dish.com/shared/images/station-logos/pac12.png;1
114;http://efax.com;https://www.efax.com/wp-content/uploads/2022/01/logo-efax.png;1
118;http://teamtreehouse.com;https://static.teamtreehouse.com/assets/views/marketing/home/logos/nikelogo-455fab4544edae3b7e1d85729a8b44c8efebb734ebffa520d73afc361503959c.png;1
120;http://tradedoubler.com;https://www.tradedoubler.com/wp-content/uploads/2018/12/logo-td-248.png;1
123;http://nextiva.com;https://nextivaweb.imgix.net/icons/nav/phone-system.svg;1
124;http://live.com;https://ow2.res.office365.com/owalanding/2022.7.15.01/images/mobile-scenario-triptych-android-01.png;1
127;http://readytalk.com;https://www.readytalk.com/sites/default/files/header_rt_logo_0.png;1
129;http://hostway.com;https://hostway.com/wp-content/uploads/2021/03/Logo.png;1
130;http://semrush.com;https://cdn.semrush.com/static/index/logos/Tesla_logo.f58ace4c9fc6.svg;1
132;http://zinio.com;https://admin-project-assets.ziniopro.com/99/20190516161716-Zinio_WebTopNavLogo.png;1
133;http://wirefly.com;https://www.wirefly.com/sites/wirefly.com/files/field/image/cell-phone-compare-main_0.png;1
135;http://twilio.com;https://twilio-cms-prod.s3.amazonaws.com/images/mobile2x_Sgpqmgp.width-600.format-jpeg.jpegquality-85.jpg;1
136;http://actonsoftware.com;https://act-on.com/wp-content/uploads/2020/05/act-on-logo.svg;1
139;http://name.com;https://namedotcom-cdn.name.tools/media/logo/namelogo-white.svg;1
140;http://3dcart.com;https://www.Shift4Shop.com/2015/images/support/AmericanRVCompany.com.png;1
145;http://phonepower.com;http://www.voipreview.org/awards_library/images/ECA-Badge-VoipReview-08.png;1
146;http://prana.com;https://www.prana.com/on/demandware.static/-/Library-Sites-library-pra/default/dw5d2b74cd/pra_ss22_ch5_catalog_spread.jpg;1
147;http://templatemonster.com;https://s3sf.tmimgcdn.com/af03eb7d785ce2f17c5ace599f051fce.svg;1
148;http://puretalkusa.com;https://s.weblec.com/ptusa/final/images/logo.svg;1
152;http://infoblox.com;https://infoblox.b-cdn.net/wp-content/uploads/infoblox-logo-new.svg;1
153;http://houzz.com;https://st.hzcdn.com/fimgs/a3316f4802eca713_6436-w150-h150-b0-p0--home-design.jpg;1
155;http://rogers.com;https://www.rogers.com/app/prod/assets/i/loader.gif;1
156;http://pgi.com;https://www.pgi.com/wp-content/uploads/2019/12/logo_PGi_primary_digital.svg;1
157;http://lifesize.com;https://www.lifesize.com/wp-content/uploads/2020/12/lifesize-buddy-long-copy.svg;1
158;http://comm100.com;https://www.comm100.com/wp-content/uploads/2022/03/image/svg+xml/Comm100_Icon_Blue_Live-Chat.svg;1
159;http://bitly.com;https://docrdsfx76ssb.cloudfront.net/static/1660327774/pages/wp-content/uploads/2022/07/chip.svg;1
161;http://niu.edu;https://niu.edu/masterto/themes/Theme_1_0/css/theme_images/niu_logo.png;1
162;http://namecheap.com;https://static.nc-img.com/uilayout2/34735a65a0c63bd007fa4c32f67dab4c.svg;1
169;http://toptenreviews.com;https://vanilla.futurecdn.net/toptenreviews/media/img/missing-image.svg;1
173;http://winegard.com;https://cdn11.bigcommerce.com/s-ltdyg0lu1n/images/stencil/250x63/winegard-logo_1631254366__84634.original.png;1
177;http://onecallnow.com;https://www.onsolve.com/wp-content/uploads/2021/03/OCN-Logo-Color-1.svg;1
181;http://pingdom.com;https://www.pingdom.com/wp-content/uploads/2021/03/PD-SynO-TMS-Test-1-opt-2.png;1
183;http://webnode.com;https://d1rv23qj5kas56.cloudfront.net/img/portal-2015/lp/lp-hp-cbt-header-01-en.png;1
184;http://gazeta.pl;https://static.im-g.pl/im/1/23865/m23865141,SAMPLE.png;1
185;http://kissmetrics.com;https://neilpatel.com/wp-content/themes/neilpatel/images/icons/twitter-brands.svg;1
186;http://stackexchange.com;https://cdn.sstatic.net/Sites/academia/Img/icon-48.png;1
187;http://livehelpnow.net;https://livehelpnow.net/wp-content/uploads/2021/07/logomark-1.svg;1
188;http://ting.com;https://static.ting.com/static/node/dist/20220815/src/assets/images/bannerNarrowInternetHome.svg;1
189;http://mophie.com;https://www.zagg.com/static/version1659969189/frontend/zagg/master/en_US/Mageplaza_LazyLoading/mageplaza/lazyloading/loader.gif;1
191;http://myfax.com;https://www.myfax.com/wp-content/uploads/2022/01/logo-myfax.png;1
196;http://vagaro.com;https://1a96a36bae7c8550901a-274b8a70320bb26e7a1e0ea7836ee429.ssl.cf2.rackcdn.com/Images/loadersmall.gif;1
197;http://internap.com;https://www.inap.com/inap/wp-content/themes/inap/assets/img/global/header/phone-xs.svg;1
199;http://motorolasolutions.com;https://myapps.motorolasolutions.com/msi-global-styles/21.16.2/icons/library/communication/chat-live-64.svg;1
200;http://info.com;https://info.com/wp-content/themes/unified-infocom/logo.svg;1
202;http://ivillage.com;https://media-cldnry.s-nbcnews.com/image/upload/t_focal-120x180,f_auto,q_auto:best/newscms/2021_41/1787140/web-discovery-health-mc-211012.jpg;1
203;http://3dissue.com;https://static.3dissue.com/images/logos/3d_issue_blue_small.svg;1
206;http://trumpia.com;https://rs.trumpia.com/images/main/img_thumb_video01.jpg;1
210;http://meraki.com;https://meraki.cisco.com/wp-content/uploads/2021/01/Meraki-Logo.png;1
211;http://myway.com;https://ak.staticimgfarm.com/images/webtooltab/assets/logos/mywaydefault.png;1
218;http://mxtoolbox.com;https://images.mxtoolbox.com/public/images/toolicons/mx.png;1
219;http://viglink.com;https://www.sovrn.com/wp-content/uploads/2021/10/adv-sm-36x36.png;1
224;http://bluetooth.com;https://www.bluetooth.com/wp-content/themes/bluetooth/images/logos/bluetooth-logo-color-black.svg;1
226;http://credomobile.com;https://www.credomobile.com/wp-content/uploads/2022/02/box.png;1
227;http://cchgroup.com;https://cdn.wolterskluwer.io/wk/fundamentals/1.15.2/logo/assets/medium.svg;1
230;http://ubreakifix.com;https://d1zmiyu61cpipt.cloudfront.net/assets/images/ubif_asurion_logo_dark.svg;1
232;http://flippa.com;https://d1zazrti94enmy.cloudfront.net/assets/homepage/icon-arrow-down-dark-ff228944a540a48a7e44017d85c707f98dd06025583d55749b426f27c8a498bf.svg;1
233;http://cartoys.com;https://www.cartoys.com/static/version1659347213/frontend/Smartwave/porto_child_bopis/en_US/images/home-icon.png;1
234;http://sedo.com;https://cdn.sedo.com/fileadmin/user_upload/1520x500_Header_Bannersmall.png;1
235;http://surveygizmo.com;https://1utysa49sprc1qb8aw184c71-wpengine.netdna-ssl.com/wp-content/themes/alchemer/public/media/images/down_arrow_circle.svg;1
236;http://123contactform.com;https://www.123formbuilder.com/wp-content/uploads/2021/10/cropped-123FormBuilder-logo-27px@2x.png;1
240;http://zimbra.com;https://www.zimbra.com/wp-content/uploads/2016/06/zimbra-logo-color-282.png;1
241;http://lingo.com;https://www.lingo.com/wp-content/uploads/2019/04/Depositphotos_242731500_hd1080-dark-1.jpg;1
242;http://cellphoneshop.net;http://l.yimg.com/a/i/us/wh/gr/dom_match_hero_1.jpg;1
243;http://phone.com;https://www.phone.com/wp-content/uploads/2020/12/General@2x.png;1
244;http://mywebsearch.com;https://ak.staticimgfarm.com/images/webtooltab/search/mywebsearchLogo.png;1
246;http://backupify.com;https://www.datto.com/img/brand/backupify-logo-white.svg;1
248;http://adblade.com;https://secure.quantserve.com/pixel/p-b8GPCpJxfqYm2.gif;1
249;http://cakemail.com;https://assets.website-files.com/607471236424c7aca15441e9/627987cfde52d534fd0bacf5_slaesteam%402x.png;1
251;http://benchmarkemail.com;https://www.benchmarkemail.com/wp-content/uploads/2019/09/benchmark-logo.svg;1
252;http://tinydeal.com;http://cbm.aa-img.com/help/email_2020/0831_/1_01.jpg;1
253;http://ebizautos.com;https://www.ebizautos.com/wp-content/uploads/2019/10/logo-ebizautos-dark.png;1
255;http://scorebig.com;https://s3.amazonaws.com/scorebig-brand/images/performer/5757/5757-375x188.jpg;1
256;http://consumercellular.com;https://c2j4f2d2.stackpathcdn.com/Assets/Shared/login-phone-number.jpg;1
258;http://brighttalk.com;https://www.brighttalk.com/wp-content/themes/brighttalk-theme-3.21.0/assets/images/BrightTALK-logo.svg;1
259;http://liferay.com;https://www.liferay.com/o/osb-www-resources/jpg/ResourceImageEbookBlankGreen.jpg;1
260;http://marchex.com;https://www.marchex.com/wp-content/uploads/2022/04/Marchex-Wordmark-RGB-1.svg;1
268;http://ciena.com;https://www.ciena.com/__data/assets/file/0026/13796/prx-logo.svg;1
273;http://squidoo.com;https://images.saymedia-content.com/.image/cs_srgb%2Cq_auto:eco/MTc2NDQ0MTEyODk4MTA2NTU4/hubpages_m_condensed-nav.svg;1
274;http://thrillist.com;"https://assets3.thrillist.com/v1/image/3101991/300x300/flatten;crop;webp=auto;jpeg_quality=60.jpg";1
276;http://solidsignal.com;https://www.solidsignal.com/images/solid-signal-logo.png;1
279;http://dialmycalls.com;https://www.dialmycalls.com/wp-content/themes/dialmycalls/assets/images/dmc-logo.png;1
280;http://sapo.pt;https://homepagept.web.sapo.io/assets/img/homepage-sapo/logo-01.png;1
282;http://vibe.com;https://www.vibe.com/wp-content/themes/vip/pmc-vibe-2021/assets/public/lazyload-fallback.gif;1
284;http://kentico.com;https://res.cloudinary.com/xperience-io/image/upload/w_272/v1625655546/logos/peer-insights-2021_stbjlr.png;1
285;http://vanillaforums.com;https://vanillaforums.com/wp-content/themes/visual-composer-starter/images/2022_HLV_Logo_stacked_white.png;1
286;http://promotive.com;https://cdn.expertvoice.com/static-forever/public-web/e1f6090875899b36.svg;1
287;http://biznessapps.com;https://www.cdnstabletransit.net/frontendwp/wp-content/uploads/2016/02/logo-white.svg;1
291;http://engadget.com;https://s.yimg.com/uu/api/res/1.2/3X.L29r5Bn1_RljuDm9qMQ--~B/Zmk9ZmlsbDtoPTEyMTtweW9mZj0wO3c9MjEwO2FwcGlkPXl0YWNoeW9u/https://s.yimg.com/os/creatr-uploaded-images/2022-08/a589fb50-1e4a-11ed-bbdf-5ef1e3550e4c.cf.jpg;1
293;http://sailthru.com;https://www.sailthru.com/content/uploads/2020/08/nascar-1-1-268x161.png;1
295;http://qq.com;https://mat1.gtimg.com/qqcdn/tupload/1658145102010.png;1
297;http://clickability.com;https://cms.clickability.com/cmsi/common/logo_login.png;1
299;http://lyris.com;https://www.aurea.com/wp-content/uploads/logo.lyris_.png;1
300;http://listrak.com;https://assets-global.website-files.com/61605d613e0aad4dba52251e/61605d613e0aad676c52280f_Listrak-white.svg;1
303;http://wordstream.com;https://www.wordstream.com/wp-content/uploads/2021/05/logo-1.svg;1
305;http://appboy.com;https://www.braze.com/assets/logo-iso.png;1
306;http://wistia.com;https://images.ctfassets.net/j7pfe8y48ry3/6uL9MhqonSpVatMeizwv39/2b2b326873696009a60b082f3ab995c7/Home-Footer--Squiggle--10.jpg;1
307;http://smtp.com;https://www.smtp.com/wp-content/uploads/2020/08/Asset-2-smtp-allwhite.png;1
309;http://cox.net;https://webcdn.cox.com/content/dam/cox/residential/hrd-assets/hrd-dad-hugging-daughters-and-looking-at-tablet.jpg;1
313;http://vtechphones.com;https://cdn-web.vtp-media.com/images/home/2022/MAR/CS6759-3.png;1
314;http://peer1.com;https://aptum.com/wp-content/uploads/2019/08/Aptum-logo-RGB-250x98.png;1
318;http://urbanairship.com;https://www.airship.com/wp-content/uploads/2022/04/logos-Shell.png;1
321;http://gmx.com;https://i0.gmx.com/gcom/238/11395238,pd=1,f=teaser-card-s/tyson-fury.jpg;1
326;http://broadvoice.com;https://www.broadvoice.com/wp-content/uploads/2022/06/watch-daily-demo-pc-button-text-expand.png;1
329;http://myemma.com;https://myemma.com/wp-content/themes/my-emma/assets/src/img/Highlight-cropped.png;1
330;http://godatafeed.com;https://uploads-ssl.webflow.com/5c6f0fe189c3683ca571d70a/610307df2fa89eb9236da4c8_full-1F-200px.svg;1
331;http://gogoair.com;https://s25227.pcdn.co/wp-content/themes/gogo-website-theme/assets/images/facebook-white.svg;1
333;http://appsumo.com;https://appsumo2nuxt-cdn.appsumo.com/a83565ecdd0748380297d52aaa887186.svg;1
334;http://att.net;https://s.yimg.com/rz/p/att_homepage_en-US_s_f_p_bestfit_homepage.png;1
335;http://janus.com;https://cdn.janushenderson.com/gwp/theme/jh-logo-slate.svg;1
338;http://equinix.com;https://www.equinix.es/content/experience-fragments/eqxcorp/en_us/header-standard/master/_jcr_content/root/header/logo.coreimg.png/1619420806795/logo.png;1
339;http://speakeasy.net;https://www.fusionconnect.com/hubfs/images/logo/fusion-connect-logo_full-color.png;1
340;http://cio.com;https://www.cio.com/wp-content/uploads/2022/08/Ed-Desktop_FoW_Sep22_1260x226.png;1
345;http://datapipe.com;https://www.rackspace.com/sites/default/files/2020-11/gartner.jpg;1
349;http://singlehop.com;https://www.inap.com/inap/wp-content/themes/inap/assets/img/global/header/phone-xs.svg;1
350;http://t-online.de;https://images.t-online.de/2022/08/92393464v3/0x0:1920x1077/fit-in/996x0/wladimir-putin-und-verteidigungsminister-schoigu-waehrend-einer-waffenmesse-in-moskau.jpg;1
355;http://consumer-rankings.com;https://www.consumer-rankings.com/wp-content/uploads/2018/03/Man-Texting-While-Hugging-Woman.jpg;1
357;http://moonfruit.com;https://static.wixstatic.com/media/2dfd0f_4ade2141c36048c6b1bad4746e616754~mv2.jpg/v1/fill/w_288,h_141,al_c,q_80,usm_0.66_1.00_0.01,blur_2,enc_auto/2dfd0f_4ade2141c36048c6b1bad4746e616754~mv2.jpg;1
361;http://digium.com;https://www.sangoma.com/wp-content/uploads/nf-acquisition.png;1
362;http://discounttwo-wayradio.com;https://discounttwo-wayradio.com/wp-content/uploads/2021/11/discount-two-way-radio.png;1
363;http://mashery.com;https://www.tibco.com/sites/tibco/files/2021-10/solutions-industry-4-0-and-manufacturing-intelligence.svg;1
365;http://sherweb.com;https://images.sherweb.com/images/branding-2019/home-page/laptop.png;1
369;http://mocospace.com;https://cdn-img.mocospace.com/static/r228345/html/images/no_photo.png;1
372;http://yahoo.net;https://s.yimg.com/rz/p/yahoo_homepage_en-US_s_f_p_bestfit_homepage.png;1
373;http://conductor.com;https://secure.live8goat.com/222075.png;1
376;http://mixpanel.com;https://px6vg4ekvl21gtxs836x5jyx-wpengine.netdna-ssl.com/wp-content/uploads/2021/04/icon-report.svg;1
378;http://infinitydish.com;https://www.infinitydish.com/wp-content/uploads/2021/02/LOGO.png;1
383;http://efaxcorporate.com;https://enterprise.efax.com/wp-content/uploads/2021/12/logo.jpg;1
384;http://arubanetworks.com;https://www.arubanetworks.com/wp-content/themes/Aruba2015/images/aruba_hp_lockup_140x68-01.svg;1
385;http://bodyguardz.com;https://www.bodyguardz.com/on/demandware.static/-/Library-Sites-BodyGuardzSharedLibrary/default/dwa531b831/images/homepage/brand-logo/lander.png;1
386;http://pinnaclecart.com;https://www.pinnaclecart.com/wp-content/uploads/2019/04/brand-cart.png;1
388;http://aerohive.com;https://14slph41wbtl2yi39625md6s-wpengine.netdna-ssl.com/wp-content/uploads/2020/05/Demo.MOBILE.ICON_.svg;1
392;http://nettalk.com;https://nettalkconnect.com/resources/sys/images/icons/icon-processing-48x48.gif;1
393;http://tripod.com;https://ly.lygo.net/ly/tpSite/images/tripodLogo.png;1
394;http://inmobi.com;https://inmobiwebcdn.blob.core.windows.net/website/website/6.0.1/ui/v6/img/InMobi_Logo_Colour.svg;1
395;http://narod.ru;https://narod.ru/divly.png;1
396;http://artistwebsites.com;https://images.fineartamerica.com/public/assets/images/ArrowBlueRight.jpg;1
400;http://cafe24.com;https://www.cafe24.com/wp-content/themes/cafe24/images/layout/logo.svg;1
401;http://tradeindia.com;https://tiimg.tistatic.com/new_website1/design2020/images/covid-essential.svg;1
403;http://flippingbook.com;https://d1qwl4ymp6qhug.cloudfront.net/Release/R273/icons/common/logo-full-white.svg;1
404;http://woothemes.com;https://woocommerce.com/wp-content/uploads/2022/08/Copy-of-Banner-Desktop-1500x130@2x.jpg;1
405;http://bestcovery.com;https://cdn.bestcovery.ca-times-dam.psdops.com/dims4/default/beea024/2147483647/strip/true/crop/1000x277+0+0/resize/433x120!/quality/90/?url=http%3A%2F%2Fbestcovery-brightspot.s3.amazonaws.com%2F97%2F96%2F5fd40beb48059a3edeff4d92eed5%2Fbestcovery-logo-powered-by-lat.png;1
406;http://sina.com.cn;https://n.sinaimg.cn/finance/transform/196/w116h80/20220815/7821-8c284ed08110e27849a183ac12e66e45.jpg;1
407;http://yahoo.com;https://s.yimg.com/rz/p/yahoo_homepage_en-US_s_f_p_bestfit_homepage.png;1
412;http://fb.com;https://static.xx.fbcdn.net/rsrc.php/y8/r/dF5SId3UHWd.svg;1
413;http://allconnect.com;https://www.allconnect.com/wp-content/uploads/2020/04/cropped-allconnect-color-2x.png;1
414;http://trendhunter.com;https://cdn.trendhunterstatic.com/logos/createthefuture.png;1
415;http://vidyo.com;https://www.vidyo.com/wp-content/uploads/2022/01/hb-general-collab-2.png;1
417;http://mediacomcable.com;https://mediacomcable.com/assets/img/footer/ACF-Global-Main-Sponsor.png;1
419;http://lge.com;https://www.lg.com/lg5-common/images/common/header/logo-b2c.jpg;1
420;http://yesware.com;https://assets-global.website-files.com/6036bf3265493cd8d57a7527/60525a7a644b0e7cdead6ad4_yesware-close-button.svg;1
421;http://hostdime.com;https://secure.vane3alga.com/162783.png;1
422;http://buy.com;https://static.ebates.com//static/images/404/warning.png;1
424;http://clickmeter.com;https://s3.amazonaws.com/clickmeter.com/Web/static/cmlogo.svg;1
425;http://ignitionone.com;https://ignitiononeprd.wpengine.com/wp-content/uploads/2018/12/i1-logo-whiteorange.png;1
429;http://launchrock.com;https://dq2uhp934kg74.cloudfront.net/production/20220817-0139/img/8ba45bf47a524309659cccf3641ba4d5/community-questions-lr.svg;1
430;http://izea.com;https://d27fp5ulgfd7w2.cloudfront.net/wp-content/uploads/2018/07/25153708/logo-6de084326e2cd3a60d412bffbff2f6c00956388b637541ead5705411b1767660.png;1
433;http://antonline.com;https://images.antonline.com/gallery/300/1445266_6_2.jpg;1
437;http://slickdeals.net;https://static.slickdealscdn.com/images/slickdeals/blank.gif;1
438;http://tollfreeforwarding.com;https://tollfreeforwarding.com/images/2014-08/logo.png;1
439;http://smaato.com;https://www.smaato.com/wp-content/themes/smaato/vector/smaato-logo.svg;1
443;http://swisscom.ch;https://rcp.scsstatic.ch/content/dam/assets/b2c/general/netflix-promo-bubble.png;1
444;http://ipower.com;https://secure.ipower.com/images/banners/ipower-connection.gif;1
445;http://crackberry.com;https://d-cb.jc-cdn.com/sites/all/themes/mbn2_twig/assets/images/16x9.png;1
446;http://sinovision.net;https://cdnvideo.sinovision.net/attachments/video/20220817/1415/1660760111-7725.jpg;1
447;http://line2.com;https://www.line2.com/wp-content/uploads/2020/09/line2-logo.svg;1
448;http://accrisoft.com;https://secure.perk0mean.com/178837.png;1
449;http://sendthisfile.com;https://www.sendthisfile.com/images/logos/stf_logo_261x53.gif;1
453;http://zoner.com;https://cdn.zoner.com/img/zpsx-logo.svg;1
454;http://copernic.com;https://copernic.com/wp-content/themes/understrap-child/images/logo.png;1
456;http://whichvoip.com;https://www.whichvoip.com/images/common/img_1x1.png;1
457;http://graphicmail.com;https://graphicmail.com/wp-content/uploads/2020/04/cropped-Graphic-Mail-logo.png;1
459;http://callsource.com;https://www.callsource.com/wp-content/themes/call-source/assets/img/call-source-logo.svg;1
460;http://ait.com;https://website-design.ait.com/wp-content/uploads/2022/06/aitlogo.png;1
462;http://toast.net;https://lirp.cdn-website.com/5c0e0ee8/dms3rep/multi/opt/cda68e26-32e1-48a2-99db-ab0ec9a01b3c-1280w.png;1
463;http://mobal.com;https://www.shopperapproved.com/newseals/30850/003473-header-details.gif;1
466;http://accessorygeeks.com;https://www.accessorygeeks.com/media/porto/newsletter/logo/websites/1/logo.png;1
469;http://eweek.com;https://www.eweek.com/wp-content/uploads/2021/01/eweek_logo_MainLogo-300x80.png;1
470;http://gigaom.com;https://gigaom.com/wp-content/uploads/2022/02/gigaom-logo-rev-.svg;1
475;http://kajeet.com;https://www.kajeet.net/wp-content/uploads/ca-flag-36x19.jpg;1
476;http://topproducer.com;https://3i5fkm3tt6vd1lmghy3trn1o-wpengine.netdna-ssl.com/wp-content/uploads/2019/09/apple-icon-120x120.png;1
477;http://abril.com.br;https://www.assine.abril.com.br/imagem/AssineAbril/novo/assine_revista_veja.jpg;1
479;http://polleverywhere.com;https://assets.polleverywhere.com/brand/pe_logo_blue.svg;1
480;http://hostmysite.com;https://www.hostmysite.com/wp-content/plugins/revslider/admin/assets/images/dummy.png;1
485;http://mayo.edu;https://www.mayoclinic.org/~/media/386AC346D62D46A4944E0923CAF00D28.svg;1
486;http://jumpfly.com;https://www.jumpfly.com/wp-content/uploads/2020/09/Logo@2x.png;1
488;http://mobileiron.com;https://static.ivanti.com/sites/marketing/media/images/products/mobileiron/mobileiron-product-desktop-devices.png;1
489;http://streamsend.com;https://try.campaigner.com/wp-content/uploads/2021/12/campaigner-logo-reverse-600px.png;1
490;http://a2hosting.com;https://www.a2hosting.com/images/uploads/general/best-deal-icon.png;1
491;http://nextjobathome.com;https://perfectdomain.com/static/img/logo.svg;1
493;http://thinglink.com;https://www.thinglink.com/gfx/pages16/icons/arrow-menu-10x10-black.svg;1
494;http://apnic.net;https://webdist.data.apnic.net/web-framework-theme/9.0.7/images/apnic-reverse.svg;1
497;http://digi.com;https://www.digi.com/digi/media/xbee3/icon-play.svg;1
498;http://usr.com;https://www.usr.com/files/9814/6962/7158/Mainframe_Executive_-_Thin-min.jpg;1
500;http://fathomdelivers.com;https://www.fathomdelivers.com/wp-content/uploads/2021/09/210615FathomLifestyle00007_R_983x983.jpg;1
501;http://uol.com.br;https://conteudo.imguol.com.br/c/home/layout/vueland/icons/publicidade/selo-pagbank-horizontal.png;1
502;http://globalspec.com;https://insights.globalspec.com/images/assets/139/19139/Polar_Night_main_ia.jpg;1
503;http://jangomail.com;https://jangomail.com/wp-content/uploads/2020/10/cropped-main-logo.png;1
506;http://du.ae;https://www.du.ae/servlet/duaediscovery/common/discovery/common/images/global-nav/du-accessibility.svg;1
508;http://idt.net;https://cdn.bossrevolution.com/cms-content/idt_net/images/new/about_revenue.svg;1
509;http://appsbar.com;https://smart-pixl.com/12500/00002_appsbar.com_SMART.GIF;1
513;http://sohu.com;http://statics.itc.cn/sohu-homepage/oldentrancetwo.png;1
516;http://sencha.com;https://www.sencha.com/wp-content/uploads/2021/11/icon-product-ExtJS-removebg-preview.png;1
517;http://call-em-all.com;https://www.text-em-all.com/hubfs/text-em-all/text-em-all-web-logo.svg;1
521;http://directstartv.com;https://www.directv.com/dtvassets/global/logos/dtv/directv/directv_hz_rgb_rev.svg;1
522;http://admarketplace.com;https://admarketplace.com/wp-content/themes/admarketplace/img/logo.svg;1
523;http://spyfu.com;https://cdn1.spyfu.com/dist/img/illustration-ppc-10.svg;1
525;http://magestore.com;https://www.magestore.com/wp-content/uploads/2020/10/01_Magestore_Logo_RGB_Tagline_Yellow-Black.svg;1
526;http://smashingmagazine.com;https://cloud.netlifyusercontent.com/assets/344dbf88-fdf9-42bb-adb4-46f01eedd629/c1dda88d-056e-4fdf-9827-76237a824556/vitaly-friedman.jpg;1
529;http://toolbox.com;https://pimages.toolbox.com/650x375/wp-content/uploads/2022/08/17161441/Digital-Accessibility-The-Right-Thing-To-Do-Is-Also-Good-For-Business.png;1
531;http://voip.com;https://www.voip.com/wp-content/themes/voip/assets/img/VoIP-logo-black.png;1
532;http://leaguelineup.com;https://www.leaguelineup.com/wp-content/themes/league/template/img/leaguelineup-bss.png;1
534;http://linkconnector.com;https://www.linkconnector.com/wordpress/wp-content/plugins/LayerSlider/static/img/blank.gif;1
535;http://coroflot.com;https://s3images.coroflot.com/user_files/job_logos/504099_orzjugnnluxmezlcr_9rk4c2c.png;1
538;http://simplereach.com;https://assets-global.website-files.com/62348aef92bf092b84891591/6297e68c4aa99c9e2339eec4_Nativo%20Logo%20-%202%20color%20reversed.svg;1
539;http://marketmotive.com;https://www.marketmotive.com/market_motive/images/market_motive_logo_white_v1.png;1
540;http://411.com;https://cdn.whitepages.com/_nuxt/7b85ee5/95fa7b9a78dfbf7387e18a3ba083f1ec.svg;1
541;http://glispa.com;https://www.glispa.com/wp-content/uploads/2017/12/Glispa-Perform-White.svg;1
543;http://signnow.com;https://marketing-static.signnow.com/995/images/home-new/send-documents.png;1
548;http://technewsworld.com;https://technewsworld.com/wp-content/uploads/sites/3/2021/04/TNW-Logo-580x200-1.png;1
549;http://pcnametag.com;https://www.pcnametag.com/media/landing-pages/browser-compatibility/chrome-1.png;1
552;http://clickatell.com;https://www.datocms-assets.com/54467/1648577835-like.svg;1
556;http://bluestacks.com;https://cdn-www.bluestacks.com/takeovercms-prod/2022-08-11/1660193594780-website.jpg;1
557;http://onet.pl;https://ocdn.eu/pulscms/MDA_/7bf20f97eb222e14c8eadb2447c04195.jpg;1
558;http://budgetmobile.com;https://budgetmobile.com/wp-content/uploads/2022/05/Budget-Mobile-e1651577129474.png;1
561;http://meetingsfocus.com;https://www.meetingsfocus.com/files/portals/0/skins/meetings/images/meetings_focus_logo.png;1
565;http://ccrane.com;https://cdn11.bigcommerce.com/s-5su7s5q6od/images/stencil/original/logo-blue_1579301974__28783.original.png;1
566;http://cj.com;https://www.cj.com/hubfs/homepage-circle-graphic.png;1
567;http://pcmatic.com;https://seal-iowa.bbb.org/seals/blue-seal-293-61-bbb-32029072.png;1
568;http://ringrevenue.com;https://assets-global.website-files.com/5d82e225060d003d65ddae98/61889c8426f208986aa878eb_attribution_nav_icon.svg;1
573;http://rappler.com;https://www.rappler.com/content/themes/rappler/src/images/logo.svg;1
575;http://swappa.com;https://static.swappa.com/static/images/logos/swappa_wordmark_ffffff_drop_e4611b.svg;1
577;http://codero.com;https://codero.com/wp-content/uploads/2021/04/coderologo_april5_2021_200.png;1
580;http://skimlinks.com;https://skimlinks.com/wp-content/uploads/2021/01/Homepage_2021_4.jpg;1
583;http://tdstelecom.com;https://cdn.blog.tdstelecom.com/wp-content/uploads/2022/08/Unwritten_Law_-_Elva_cover.jpg;1
584;http://mobileroadie.com;https://cdn-static.mobileroadie.com/img/media/music-phone.svg;1
587;http://webnode.cz;https://d1rv23qj5kas56.cloudfront.net/img/portal-2015/lp/lp-hp-cbt-header-01-cs-cz.png;1
589;http://codetwo.com;https://codetwocdn.azureedge.net/images/css-assets/top-C2Logo-2021.png;1
590;http://topseos.com;https://d14m5di267ycfe.cloudfront.net/settings/5f2535e6-16b0-45f7-974b-c37952bcda20.svg;1
593;http://ugr.es;https://www.ugr.es/sites/default/files/imagenes/ugr_ucrania_final.svg;1
595;http://kajabi.com;https://assets-global.website-files.com/5db0d55a083f4b7cd59d2e42/5e1ceaf2f4f68335e372e0da_icon-close.svg;1
596;http://3cx.com;https://www.3cx.com/wp-content/uploads/2018/08/logo-3.png;1
600;http://ipass.com;https://www.ipass.com/wp-content/themes/ipass/images/logo.png;1
602;http://lightreading.com;https://img.lightreading.com/lightreading/lr-red_white_logo.png;1
603;http://lifehealthpro.com;https://images.thinkadvisor.com/cdn-cgi/image/format=auto,width=66/https://images.thinkadvisor.com/contrib/content/uploads/sites/415/2021/04/Ellis_Charley_640x640.jpg;1
604;http://yahoo.co.jp;https://s.yimg.jp/images/yjtop-common/hazard/coronavirus/2022/08/infected/pc0818_01.png;1
606;http://towerstream.com;https://towerstream.com/wp-content/uploads/2021/03/banner_logo.png;1
609;http://slideshop.com;https://kroma.ai/wp-content/uploads/2020/09/kroma-white-temp@2x.png;1
610;http://genuitec.com;https://resources.cloud.genuitec.com/wp-content/uploads/2019/06/genuitec-version-white.png;1
611;http://marcaria.com;https://www.paypalobjects.com/webstatic/en_US/i/buttons/cc-badges-ppmcvdam.png;1
612;http://netatlantic.com;https://www.netatlantic.com/images/n-years.png;1
614;http://elasticemail.com;https://elasticemail.com/wp-content/themes/elasticemail/img/theme-assets/logo.svg;1
616;http://aheadworks.com;https://aheadworks.com/static/version1660721326/frontend/Aheadworks/store2/en_US/images/Rave-Logo.svg;1
619;http://logiforms.com;https://www.logiforms.com/wp-content/themes/logiforms/images/logo.png;1
620;http://hubshout.com;https://s3.amazonaws.com/portaltasks/12538261_20200528_6664617.png;1
627;http://exclaimer.com;https://www.exclaimer.com/wp-content/uploads/2022/04/Exclaimer_Home-Page-â€“-Ensure-Brand-Consistency.png;1
628;http://virtualpbx.com;https://www.virtualpbx.com/wp-content/uploads/2022/04/logo-whiteBlue.png;1
631;http://scorpiondesign.com;https://dof823s572inc.cloudfront.net/images/logo-2.2107191509420.png;1
632;http://companionlink.com;https://www.dejaoffice.com/img/dpc-hero-800.jpg;1
634;http://acquisio.com;https://www.acquisio.com/wp-content/uploads/2018/12/acquisio-fullcolor.png;1
635;http://techradar.com;https://search-api.fie.future.net.uk/img/misc/no-image-available.svg;1
637;http://rcrwireless.com;https://www.rcrwireless.com/wp-content/uploads/2020/12/RCR-NEWS-retina.jpg;1
639;http://ezanga.com;https://www.ezanga.com/hubfs/trusted-online-marketing-firm.jpg;1
640;http://ebrandz.com;https://www.ebrandz.com/wp-content/themes/ebrandz-child/images/ebrandz.png;1
641;http://silktide.com;https://silktide.com/app/uploads/2021/06/icon-accessibility.svg;1
642;http://freedomvoice.com;https://fv-lb-prod-freedom.netdna-ssl.com/sites/default/files/slides/cloudnumber%402x.png;1
643;http://amantel.com;https://www.amantel.com/images/btn-giftexpress.png;1
645;http://searchmarketingexpo.com;https://marketinglandevents.com/wp-content/themes/ml-events/assets/img/icons/menu.svg;1
646;http://sfr.fr;https://static.s-sfr.fr/media/mobile/Samsung/Logos/samsung-logo.svg;1
647;http://performics.com;https://www.performics.com/wp-content/themes/PFX/img/Intent-lab-logo.png;1
650;http://allmyfaves.com;https://img0.minifav.net/images/whysearch/appstorenew.png;1
653;http://gazeta.ru;https://static.gazeta.ru/nm2021/img/logo_2021.svg;1
654;http://nimbuzz.com;https://nimbuzz.com/css/img/marketing/banner-phone.png;1
655;http://truconnect.com;http://www.truconnect.com/_default_upload_bucket/a-plus.png;1
663;http://seomoz.org;https://moz.com/files/cms/KeywordGap-Topnav-new-v4.svg;1
664;http://flipsnack.com;https://cdn.flipsnack.com/site/images/flipsnack-logo-dark-blue.gz.svg;1
665;http://tmcnet.com;https://images.tmcnet.com/tmc/tmcnw/tmcnet_logo_nw.png;1
666;http://olark.com;https://www.olark.com/img/global/text-link-arrow-blue600.svg;1
667;http://wisestamp.com;https://static.cdn.wisestamp.com/wp-content/uploads/2021/11/WiseStamp-email-signature-generator-and-email-signature-manager.png;1
668;http://elevenwireless.com;https://www.elevensoftware.com/hs-fs/hubfs/brand/logos/eleven-logo-large.png?width=603&name=eleven-logo-large.png;1
669;http://webceo.com;https://site.wstatic.net/static/images/site/update/WebCEO-online-SEO-tools.b5710de344ba.svg;1
674;http://ojooo.com;https://campaign.ojooo.com/img/screens_thumb/WNIraSCBqEzGj2H2BRWZmTMUjPfMae2G.png;1
681;http://brighthand.com;https://cdn.ttgtmedia.com/wp-content/uploads/2021/12/Tenbound-RevOps-Research-Report-Resource.jpg;1
682;http://cases.com;https://cdn11.bigcommerce.com/s-2gwuho/images/stencil/original/cases_logo_1642711370__85386.original.png;1
683;http://morevisibility.com;https://www.morevisibility.com/wp-content/uploads/2022/03/mv-logo-2022.svg;1
686;http://androidauthority.com;https://www.androidauthority.com/wp-content/uploads/2022/02/Android-13-stock-photos-13.jpg;1
692;http://clearme.com;https://assets-global.website-files.com/62389e3439ae72a7e2e2988e/62389e3439ae7260e4e2998f_logo__primary__dark.svg;1
693;http://mainstreethost.com;https://cdn.mainstreethost.com/wp-content/themes/bones/library/images/logo.svg;1
694;http://startec.com;http://www.startec.com/us/sites/default/files/logo-startec.png;1
700;http://bossrevolution.com;https://cdn.bossrevolution.com/dtc-new/img/flags/SVG/NG.svg;1
702;http://vat19.com;https://images.vat19.com/mysterious-box-of-mystery/mysterious-box-of-mystery-ad-02.jpg;1
705;http://finditquick.com;https://static.HugeDomains.com/images/hdv3-img/hugedomains_logo.svg;1
709;http://voipreview.org;https://www.voipreview.org/sites/voipreview.org/files/providers/logos/community-phone.png;1
711;http://galeon.com;https://galeon.com/wp-content/uploads/2021/02/Galeon-Logo.png;1
712;http://dialogic.com;https://i.ytimg.com/vi/Y_x7QcIGOec/2.jpg;1
717;http://etoncorp.com;https://cdn.shopify.com/s/files/1/2407/2229/files/eton_logo_100_red.png;1
718;http://sierrawireless.com;https://www.sierrawireless.com/wp-content/uploads/2021/11/login-icon-white.svg;1
722;http://webimax.com;https://www.webimax.com/hs-fs/hubfs/logo-webimax-notag-white.png?width=175&name=logo-webimax-notag-white.png;1
724;http://5linx.com;https://5linx.com/wp-content/themes/5linx-2018/imgs/5linx-logo-white.svg;1
729;http://dxengineering.com;https://static.dxengineering.com/showcases/large/d883de8d-fba2-4255-84cb-d3bb316a829f.jpg;1
732;http://tones7.com;https://www.tones7.com/images/mobile_logo_big.png;1
733;http://tapjoy.com;https://www.tapjoy.com/app/themes/tapjoy/static/img/illust/hp-signpost/signpost-hero.png;1
737;http://scannermaster.com;https://www.paypalobjects.com/webstatic/mktg/logo/pp_cc_mark_37x23.jpg;1
740;http://50megs.com;http://www.communityarchitect.com/fs_img/footer/spacer.gif;1
741;http://in.com;https://images.news18.com/static_news18/pix/ibnhome/news18/netra-suraksha.jpg;1
743;http://turnkeyinternet.net;https://turnkeyinternet.net/images/trust-seals/ssae16-logo.jpg;1
744;http://gogvo.com;https://gogvo.com/images/gvo-logo-new.jpg;1
748;http://whoson.com;https://www.whoson.com/img/home/whoson-logo-sm-white.png;1
749;http://sitepal.com;https://www.sitepal.com/images/frontend/logo.png;1
752;http://voki.com;https://www.voki.com/images/cross.png;1
755;http://hotspotsystem.com;https://www.hotspotsystem.com/hotsyswp/wp-content/themes/hotspot/images/logo_newconcept.png;1
756;http://bamboosolutions.com;https://bamboosolutions.com/wp-content/uploads/2021/02/BambooSPXLogo-Color-LightBG_V3.svg;1
758;http://esmas.com;https://noticieros.televisa.com/wp-content/themes/news-amp/images/foro_square.svg;1
759;http://shopclues.com;https://images.shopclues.com/images/ui/madeinindia.png;1
760;http://wealthyaffiliate.com;https://cdn4.wealthyaffiliate.com/img/nichemarketing/home/home-header-wa-logo.png;1
761;http://wayin.com;https://www.cheetahdigital.com/wp-content/uploads/2021/12/CD_Logo_2021-stamp.png;1
764;http://superb.net;https://secure.leadforensics.com/51887.png;1
768;http://angelfire.com;https://ly.lygo.net/af/images/btn-sitebuild.png;1
775;http://wpromote.com;https://www.wpromote.com/wp-content/themes/wpromote/images/icon-play.svg;1
776;http://trustedreviews.com;https://www.trustedreviews.com/wp-content/uploads/sites/54/2019/08/trusted-reviews-logo-white-320x91.png;1
777;http://highspeedinternet.com;https://www.highspeedinternet.com/app/themes/coolwhip-child/dist/images/hero-planet.png;1
782;http://adgooroo.com;https://www.adthena.com/wp-content/uploads/2022/06/logo-bupa.svg;1
784;http://5linx.net;https://5linx.com/wp-content/themes/5linx-2018/imgs/5linx-logo-white.svg;1
790;http://101domain.com;https://www.101domain.com/images/101domain/101domain-logo.svg;1
792;http://maxmind.com;https://static.maxmind.com/6dd98c44fa2ca1d485e6/images/product-icon-minfraud.svg;1
796;http://phonedog.com;https://news.wirefly.com/sites/phonedog.com/files/phone/large/apple-iphone-xr-black.png;1
797;http://connectify.me;https://connectify.me/wp-content/uploads/HOTSPOT-2021-01.png;1
799;http://techwyse.com;https://www.central-core-7.com/54636.png;1
801;http://technobuffalo.com;https://www.technobuffalo.com/sites/all/themes/mbn2_twig/assets/images/16x9.png;1
818;http://voltage.com;https://flc-assets-prod.s3.amazonaws.com/2021-05/info-icon-copy-8.svg;1
819;http://avispl.com;https://avispl.com/wp-content/uploads/2020/05/avispl-white-footer-1.png;1
820;http://360cities.net;https://cloudflare1.360gigapixels.com/pano/horing/01908694__.jpg/equirect/0.jpg;1
821;http://pennytalk.com;https://dnp2yarqun8ek.cloudfront.net/Content/images/ptus/1.jpg;1
825;http://ez.no;https://www.ibexa.co/var/site/storage/images/7/9/1/3/273197-2-eng-GB/3621030d47d9-B2B-customer-logos-Horizontal-Black.png;1
826;http://boxwave.com;https://images.boxwave.com/homepage/home-slide-magnetosnap.png;1
827;http://e-monsite.com;https://www.e-monsite.com/medias/site/logos/logo-e-monsite-portail.png;1
828;http://luxsci.com;https://djrufvackyewl.cloudfront.net/s3/2018/LuxSci-Name-Logo-26-light.png;1
829;http://pixelcrayons.com;https://www.pixelcrayons.com/common/img/logo.png;1
835;http://rambler.ru;https://static.rambler.ru/icons/header/v2/logo/head.svg;1
837;http://bigtent.com;https://www.care.com/c/wp-content/uploads/sites/2/2021/04/Care_com_classic_logo.svg;1
839;http://hover.com;https://hover-assets.s3.ca-central-1.amazonaws.com/images/site/everyone.png;1
841;http://websitetoolbox.com;https://cdn.websitetoolbox.com/images/logos/wt_logo_blue.svg;1
842;http://shopgate.com;https://25386583.fs1.hubspotusercontent-eu1.net/hubfs/25386583/ShopGate/Images/12321321.svg;1
845;http://hellofax.com;https://assets-global.website-files.com/5d8276a79ed2c0d135ef444b/5e2f7a28ff293b0f5a039797_hellofax_logo_strip.png;1
848;http://actiance.com;https://www.smarsh.com//media/smarsh-logo-new.svg;1
850;http://differencebetween.net;http://cdn.differencebetween.net/wp-content/themes/mimbo/images/logo.jpg;1
851;http://toucharcade.com;https://toucharcade.com/wp-content/images/app/1593130084/100x100bb.jpg;1
854;http://scosche.com;https://www.scosche.com/media/logo/stores/1/LOGO.png;1
857;http://goo.ne.jp;https://www.xgoo.jp/top2018/public/img/gh_logo.svg;1
858;http://emarketer.com;https://publicsite-wordpress-storage.insiderintelligence.com/wp-content/uploads/2022/04/05145939/industry_kpis_hero_dark.svg;1
862;http://answernet.com;https://answernet.com/wp-content/uploads/2021/04/cropped-cropped-AnswerNet-white-logo-hi-res_with-OUTLINE-1.png;1
863;http://wirelesszone.com;https://wirelesszone.com/wp-content/uploads/2022/05/WIRELESS_ZONE_250x50.jpg;1
864;http://link-assistant.com;https://cdn1.link-assistant.com/thumbs/w1600-h790-c1/themes/basic/images/header/header-img2.jpg;1
865;http://openxcell.com;https://www.openxcell.com/wp-content/uploads/2021/03/us-flag.svg;1
867;http://pchome.com.tw;https://w6.pchome.com.tw/img/logo/logo_24h_2021.svg;1
875;http://jobvertise.com;https://seal-chicago.bbb.org/logo/ruhzbum/jobvertise-88257852.png;1
876;http://brafton.com;https://www.brafton.com/wp-content/themes/brafton2016/library/images/logo_full.svg;1
879;http://uservoice.com;https://assets.website-files.com/60d5fccd073e73765ce22806/60d5fccd073e7385e2e22829_uservoice-logo-web.svg;1
880;http://atmail.com;https://www.atmail.com/wp-content/uploads/2021/04/logoalt_1.svg;1
882;http://vocalcom.com;https://www.vocalcom.com/wp-content/themes/yagami-adveris/web/src/img/icon/logo.svg;1
884;http://ocn.ne.jp;https://www.xgoo.jp/top2018/ocn_new_design/4_design_01.jpg;1
885;http://ducttapemarketing.com;https://149350408.v2.pressablecdn.com/wp-content/uploads/2018/02/Duct-Tape-Marketing-Logo.png;1
887;http://maktoob.com;https://s.yimg.com/rz/p/yahoo_homepage_en-US_s_f_p_bestfit_homepage.png;1
892;http://mail.ru;https://ad.mail.ru/i1629.gif;1
893;http://webspawner.com;https://www.webspawner.com/images/public/wsp/logo-webspawner.png;1
894;http://shop-pro.jp;https://static-www.shop-pro.jp/img/top/popup-bnr-food.jpg;1
895;http://padandquill.com;https://www.padandquill.com/media/logo/stores/1/logo.png;1
896;http://kunocreative.com;https://2659736.fs1.hubspotusercontent-na1.net/hubfs/2659736/kuno/2021/core-vitals--home/images/kuno-logo.svg;1
897;http://cardosystems.com;https://www.cardosystems.com/wp-content/themes/cardo/assets/img/logo-no-text-dark.svg;1
898;http://clickworker.com;https://secure.leadforensics.com/223006.png;1
901;http://movistar.com.pe;https://www.movistar.com.pe/o/canalonline-movistar-peru-theme/images/iconos/logo-telefonica.png;1
902;http://peerfly.com;https://blog.peerfly.com/wp-content/uploads//2019/07/A_blank_black_picture.jpg;1
904;http://infinera.com;https://www.infinera.com/wp-content/uploads/spotlight-ICE6-Turbo-662x342-1.jpg;1
905;http://wowslider.com;https://wowslider.com/images/seo2.jpg;1
908;http://i9sports.com;https://i9sportsprod.wpengine.com/wp-content/uploads/2020/07/testimonial-photos-thumbs-up-300x300.jpg;1
910;http://indianic.com;https://dcdh7ea8gkhvt.cloudfront.net/wp-content/themes/indianic/assets/images/indianic-black-logo.svg;1
913;http://boostability.com;https://www.boostability.com/wp-content/uploads/2021/05/seo-search-engine-results-home-page-v3.png;1
914;http://edmundsassoc.com;https://www.edmundsgovtech.com/wp-content/uploads/municipalities-utilities-Illustration.png;1
918;http://ahrefs.com;https://static.ahrefs.com/static/assets/static/l1-50bfccfbe014ddf93ddea0ea67ecc302.png;1
922;http://mobilestorm.com;https://spectrummessaging.com/wp-content/uploads/2022/06/Logo.png;1
924;http://wilsonelectronics.com;https://cdn2.hubspot.net/hubfs/1886759/_web/_weboost/Logos/wilsonelectronics-logo.svg;1
926;http://telefonica.com;https://www.telefonica.com/es/wp-content/uploads/sites/4/2021/11/flecha-arriba-derecha.svg;1
929;http://sungardas.com;https://302335.fs1.hubspotusercontent-na1.net/hubfs/302335/logo-sungard-availability-services.svg;1
931;http://freedomsoft.com;https://freedomsoft.com/wp-content/uploads/2016/03/FreedomSoft-Logo_v01.gif;1
933;http://fax.com;https://www.fax.com/wp-content/uploads/2022/04/logo.png;1
934;http://kozzi.com;https://kozzi.com/wp-content/uploads/2022/03/KOZZI-Dan-Kosmayer-Creation-TM.jpg;1
935;http://dnsmadeeasy.com;https://assets-global.website-files.com/6019c2730025bb47a28f7167/62fd5c87d7b3e835f2ea5d88_DigiCertDNSME_WebsiteLogo.svg;1
936;http://hostpapa.com;https://www.hostpapa.com/app/plugins/wpml-multilingual-cms/res/flags/en.png;1
937;http://cellebrite.com;https://cellebrite.com/wp-content/plugins/polylang/flags/us.png;1
938;http://contactology.com;https://try.campaigner.com/wp-content/uploads/2021/12/campaigner-logo-reverse-600px.png;1
939;http://brightlocal.com;https://d317jr06u12xtj.cloudfront.net/2022/02/LYL2gygg-BL-Logo-ukr-small.svg;1
941;http://hosting.com;https://www.ntirety.com/wp-content/uploads/2020/06/TaglineFINAL_Horz_LTBLW_resized-1.png;1
943;http://gmx.es;https://i0.gmx.com/gcom/376/11395376,pd=1,f=teaser-card-s/iphone.jpg;1
944;http://gosquared.com;https://static.gosquared.com/images/nav/icon_arrowdown_01.png;1
947;http://cyberchimps.com;https://cdn.cyberchimps.com/wp-content/uploads/2019/08/cyberchimps-logo-1.png;1
949;http://ocnk.net;https://www.ocnk.net/img/ocnk_ci.svg;1
950;http://pingo.com;https://pingo.com/images/logo.svg;1
951;http://zing.vn;https://static-znews.zingcdn.me/images/channels/logo-lifestyle-dark.svg;1
956;http://powweb.com;https://secure.powweb.com/images/icons/CountryFlags/USD-flag.gif;1
958;http://cloudsolutions.co.uk;https://cts.co/hs-fs/hubfs/cts-logo-1.png?width=69&name=cts-logo-1.png;1
959;http://pagesjaunes.ca;https://ssmscdn.yp.ca/image/resize/f7102503-e788-43c8-89f6-9ace9bcd9155/ypui-home-tb-v2/jean-coutu-stephan-dolarian-et-carla-chirinian-pharmacie-affiliee-autre-1.jpg;1
963;http://studyabroad.com;https://www.studyabroad.com/sites/all/themes/sab_bootstrap/images/sab-logo.png;1
964;http://mobileread.com;https://www2.mobileread.com/i/mr/misc/logo.png;1
965;http://pinpointe.com;https://www.pinpointe.com/wp-content/uploads/pinpointe-logo-notag1.png;1
968;http://digitaljournal.com;https://www.digitaljournal.com/wp-content/uploads/2021/01/Digital-Journal-Logosm.png;1
969;http://whatclinic.com;https://cdn.whatclinic.com/static/latest/images/countries/flags/medium/us.png;1
972;http://etfdailynews.com;https://www.etfdailynews.com/wp-content/uploads/2022/03/etf-daily-news-logo-02.png;1
974;http://northstate.net;https://www.northstate.net/wp-content/themes/NorthState/assets/images/location-icon-mobile.svg;1
975;http://simplehelix.com;https://simplehelix.com/wp-content/uploads/2020/09/Simple-Helix-Logo.png;1
976;http://flurry.com;https://s.yimg.com/oo/cms/products/flurry/themes/custom/flurry_theme/logo_3235a13fb.svg;1
3;http://att.com;error;0
6;http://verizonwireless.com;error;0
7;http://godaddy.com;error;0
9;http://whitepages.com;error;0
11;http://comcast.com;error;0
12;http://t-mobile.com;error;0
14;http://verizon.com;error;0
15;http://shopify.com;error;0
16;http://sprint.com;error;0
17;http://spokeo.com;error;0
18;http://bing.com;error;0
20;http://timewarnercable.com;error;0
21;http://constantcontact.com;error;0
22;http://zoho.com;error;0
24;http://gotomeeting.com;error;0
27;http://intelius.com;error;0
28;http://charter.com;error;0
30;http://conduit.com;error;0
31;http://mediaplex.com;error;0
32;http://webs.com;error;0
33;http://about.com;error;0
34;http://blackberry.com;error;0
36;http://centurylink.com;error;0
38;http://exacttarget.com;error;0
39;http://motorola.com;error;0
41;http://peoplefinders.com;error;0
42;http://qualcomm.com;error;0
43;http://hostgator.com;error;0
45;http://cox.com;error;0
46;http://box.com;error;0
48;http://metropcs.com;error;0
50;http://alot.com;error;0
52;http://webex.com;error;0
53;http://otterbox.com;error;0
54;http://sulekha.com;error;0
56;http://msn.com;error;0
57;http://mylife.com;error;0
58;http://rdio.com;error;0
60;http://ning.com;error;0
61;http://virginmobileusa.com;error;0
65;http://nokia.com;error;0
66;http://univision.com;error;0
67;http://jawbone.com;error;0
68;http://rakuten.co.jp;error;0
69;http://networksolutions.com;error;0
70;http://8x8.com;error;0
71;http://vonage.com;error;0
73;http://business.com;error;0
74;http://mitel.com;error;0
75;http://bluehost.com;error;0
77;http://ringcentral.com;error;0
78;http://paltalk.com;error;0
79;http://sharefile.com;error;0
81;http://riverbed.com;error;0
83;http://mycricket.com;error;0
84;http://gotowebinar.com;error;0
86;http://atdmt.com;error;0
87;http://rebtel.com;error;0
90;http://vzw.com;error;0
91;http://mimecast.com;error;0
92;http://uscellular.com;error;0
93;http://getsatisfaction.com;error;0
96;http://animoto.com;error;0
98;http://peoplesmart.com;error;0
100;http://swagbucks.com;error;0
102;http://greatcall.com;error;0
103;http://secureserver.net;error;0
106;http://sugarsync.com;error;0
107;http://bmc.com;error;0
108;http://terra.com;error;0
109;http://weebly.com;error;0
111;http://register.com;error;0
115;http://about.me;error;0
116;http://one.com;error;0
117;http://vpweb.com;error;0
119;http://airpush.com;error;0
121;http://compete.com;error;0
122;http://rcn.com;error;0
125;http://ifbyphone.com;error;0
126;http://whatcounts.com;error;0
128;http://plantronics.com;error;0
131;http://kudzu.com;error;0
134;http://sonyentertainmentnetwork.com;error;0
137;http://newhaven.edu;error;0
138;http://ussearch.com;error;0
141;http://altova.com;error;0
142;http://android.com;error;0
143;http://jimdo.com;error;0
144;http://headsets.com;error;0
149;http://findmespot.com;error;0
150;http://gazelle.com;error;0
151;http://tracfone.com;error;0
154;http://verizon.net;error;0
160;http://proofpoint.com;error;0
163;http://rtrk.com;error;0
164;http://avangate.com;error;0
165;http://earthlink.net;error;0
166;http://onstar.com;error;0
167;http://tel3.com;error;0
168;http://ipage.com;error;0
170;http://godish.com;error;0
171;http://quirky.com;error;0
172;http://mediatemple.net;error;0
174;http://ooma.com;error;0
175;http://good.com;error;0
176;http://optimum.com;error;0
178;http://webcrawler.com;error;0
179;http://safelinkwireless.com;error;0
180;http://intercall.com;error;0
182;http://box.net;error;0
190;http://tinyurl.com;error;0
192;http://stumbleupon.com;error;0
193;http://consolidated.com;error;0
194;http://case-mate.com;error;0
195;http://comcast.net;error;0
198;http://cellularoutfitter.com;error;0
201;http://dealtime.com;error;0
204;http://spigen.com;error;0
205;http://findthebest.com;error;0
207;http://griffintechnology.com;error;0
208;http://softlayer.com;error;0
209;http://justhost.com;error;0
212;http://freeconferencecall.com;error;0
213;http://brighthouse.com;error;0
214;http://home.pl;error;0
215;http://acquia.com;error;0
216;http://sakura.ne.jp;error;0
217;http://inbox.com;error;0
220;http://nifty.com;error;0
221;http://harris.com;error;0
222;http://italkbb.com;error;0
223;http://securepaynet.net;error;0
225;http://brandbucket.com;error;0
228;http://incredimail.com;error;0
229;http://dogpile.com;error;0
231;http://thenextweb.com;error;0
237;http://ucoz.com;error;0
238;http://televisionfanatic.com;error;0
239;http://findtherightjob.com;error;0
245;http://soluto.com;error;0
247;http://livedoor.jp;error;0
250;http://radaris.com;error;0
254;http://liquidweb.com;error;0
257;http://vodafone.com;error;0
261;http://freewebs.com;error;0
262;http://digicelgroup.com;error;0
263;http://012global.com;error;0
264;http://earthlinkbusiness.com;error;0
265;http://1shoppingcart.com;error;0
266;http://buuteeq.com;error;0
267;http://grasshopper.com;error;0
269;http://test.com;error;0
270;http://mailjet.com;error;0
271;http://polycom.com;error;0
272;http://demandbase.com;error;0
275;http://unitrends.com;error;0
277;http://localedge.com;error;0
278;http://singtel.com;error;0
281;http://payloadz.com;error;0
283;http://hostmonster.com;error;0
288;http://chitika.com;error;0
289;http://twcbc.com;error;0
290;http://telstra.com.au;error;0
292;http://charterbusiness.com;error;0
294;http://esignal.com;error;0
296;http://99designs.com;error;0
298;http://totalrecipesearch.com;error;0
301;http://att.jobs;error;0
302;http://wirelessemporium.com;error;0
304;http://air-watch.com;error;0
308;http://waze.com;error;0
310;http://list-manage.com;error;0
311;http://modaoperandi.com;error;0
312;http://epaperflip.com;error;0
315;http://whatsupgold.com;error;0
316;http://hellodirect.com;error;0
317;http://virginmedia.com;error;0
319;http://truphone.com;error;0
320;http://eztexting.com;error;0
322;http://cloudera.com;error;0
323;http://americommerce.com;error;0
324;http://homesandland.com;error;0
325;http://ericsson.com;error;0
327;http://citymax.com;error;0
328;http://geotrust.com;error;0
332;http://adknowledge.com;error;0
336;http://whitefence.com;error;0
337;http://ntt.com;error;0
341;http://cspire.com;error;0
342;http://example.com;error;0
343;http://yammer.com;error;0
344;http://so-net.ne.jp;error;0
346;http://clicksor.com;error;0
347;http://inetu.net;error;0
348;http://gogrid.com;error;0
351;http://iweb.com;error;0
352;http://idrive.com;error;0
353;http://toutapp.com;error;0
354;http://me.com;error;0
356;http://411.ca;error;0
358;http://bandwidth.com;error;0
359;http://vzwshop.com;error;0
360;http://xfinity.com;error;0
364;http://carphonewarehouse.com;error;0
366;http://shoretel.com;error;0
367;http://imation.com;error;0
368;http://nobelcom.com;error;0
370;http://talktalk.co.uk;error;0
371;http://alexa.com;error;0
374;http://digitalchocolate.com;error;0
375;http://ampedwireless.com;error;0
377;http://netfirms.com;error;0
379;http://scoutmob.com;error;0
380;http://unbounce.com;error;0
381;http://netvibes.com;error;0
382;http://photobiz.com;error;0
387;http://sitepoint.com;error;0
389;http://echodesign.com;error;0
390;http://signupgenius.com;error;0
391;http://directtrack.com;error;0
397;http://telus.net;error;0
398;http://3gstore.com;error;0
399;http://bronto.com;error;0
402;http://windowsazure.com;error;0
408;http://thehighcalling.org;error;0
409;http://ezetop.com;error;0
410;http://altervista.org;error;0
411;http://digitallanding.com;error;0
416;http://otherinbox.com;error;0
418;http://anymeeting.com;error;0
423;http://relianceglobalcall.com;error;0
426;http://pages05.net;error;0
427;http://kvh.com;error;0
428;http://local03.com;error;0
431;http://tributes.com;error;0
432;http://hdaccessory.com;error;0
434;http://hatena.ne.jp;error;0
435;http://geocities.jp;error;0
436;http://pogoplug.com;error;0
440;http://vps.net;error;0
441;http://sewelldirect.com;error;0
442;http://hostbaby.com;error;0
450;http://localphone.com;error;0
451;http://invisionapp.com;error;0
452;http://siteground.com;error;0
455;http://telekom.com;error;0
458;http://clicktale.com;error;0
461;http://no-ip.com;error;0
464;http://tatacommunications.com;error;0
465;http://cwa-union.org;error;0
467;http://at.ua;error;0
468;http://net10.com;error;0
471;http://jiwire.com;error;0
472;http://163.com;error;0
473;http://yolasite.com;error;0
474;http://seidioonline.com;error;0
478;http://infoseek.co.jp;error;0
481;http://simplycast.com;error;0
482;http://snapapp.com;error;0
483;http://tribesports.com;error;0
484;http://hasoffers.com;error;0
487;http://uniden.com;error;0
492;http://podomatic.com;error;0
495;http://bezecom.com;error;0
496;http://fairpoint.com;error;0
499;http://cablesandkits.com;error;0
504;http://freephonetracer.com;error;0
505;http://saba.com;error;0
507;http://umcom.org;error;0
510;http://hughes.com;error;0
511;http://walla.co.il;error;0
512;http://buydomains.com;error;0
514;http://maas360.com;error;0
515;http://birch.com;error;0
518;http://justdial.com;error;0
519;http://synthasite.com;error;0
520;http://bevomedia.com;error;0
524;http://xcomglobal.com;error;0
527;http://fiksu.com;error;0
528;http://resellerclub.com;error;0
530;http://charter.net;error;0
533;http://onesuite.com;error;0
536;http://parentlink.net;error;0
537;http://cableone.net;error;0
542;http://bluefountainmedia.com;error;0
544;http://sena.com;error;0
545;http://producteev.com;error;0
546;http://voipo.com;error;0
547;http://peeplo.com;error;0
550;http://freedownloads.us.com;error;0
551;http://wideanglesoftware.com;error;0
553;http://yola.com;error;0
554;http://distilled.net;error;0
555;http://ucoz.ru;error;0
559;http://clear.com;error;0
560;http://microsoftonline.com;error;0
562;http://mapilab.com;error;0
563;http://sendible.com;error;0
564;http://apartmenthomeliving.com;error;0
569;http://firehost.com;error;0
570;http://orangesoda.com;error;0
571;http://daum.net;error;0
572;http://affiliatetechnology.com;error;0
574;http://raventools.com;error;0
576;http://shaw.ca;error;0
578;http://fc2.com;error;0
579;http://callfire.com;error;0
581;http://cablemover.com;error;0
582;http://tbo.com;error;0
585;http://astraweb.com;error;0
586;http://adsage.com;error;0
588;http://ixiacom.com;error;0
591;http://free.fr;error;0
592;http://interserver.net;error;0
594;http://harmon.ie;error;0
597;http://cleverbridge.com;error;0
598;http://woopra.com;error;0
599;http://litmus.com;error;0
601;http://videotron.com;error;0
605;http://asmallorange.com;error;0
607;http://g3telecom.com;error;0
608;http://cjb.net;error;0
613;http://mlxchange.com;error;0
615;http://greengeeks.com;error;0
617;http://terremark.com;error;0
618;http://appspot.com;error;0
621;http://housing.com;error;0
622;http://prv.pl;error;0
623;http://adonit.net;error;0
624;http://fuzemeeting.com;error;0
625;http://serverpronto.com;error;0
626;http://cx.com;error;0
629;http://axmag.com;error;0
630;http://suffolk.edu;error;0
633;http://nextworth.com;error;0
636;http://flipbuilder.com;error;0
638;http://bang-olufsen.com;error;0
644;http://voicestar.com;error;0
648;http://showingsuite.com;error;0
649;http://cellcom.co.il;error;0
651;http://mawebcenters.com;error;0
652;http://zedge.net;error;0
656;http://vresp.com;error;0
657;http://trapcall.com;error;0
658;http://bb-elec.com;error;0
659;http://manageflitter.com;error;0
660;http://libero.it;error;0
661;http://seewhy.com;error;0
662;http://imeet.com;error;0
670;http://37signals.com;error;0
671;http://app.net;error;0
672;http://mindspring.com;error;0
673;http://vocalocity.com;error;0
675;http://ntlworld.com;error;0
676;http://pasternack.com;error;0
677;http://cincinnatibell.com;error;0
678;http://zain.com;error;0
679;http://xo.com;error;0
680;http://befunky.com;error;0
684;http://tmobile.jobs;error;0
685;http://dslextreme.com;error;0
687;http://de.vu;error;0
688;http://telehispanic.com;error;0
689;http://mygrande.com;error;0
690;http://sina.com;error;0
691;http://net.com;error;0
695;http://dishtv.com;error;0
696;http://artisteer.com;error;0
697;http://ojon.com;error;0
698;http://custhelp.com;error;0
699;http://callture.com;error;0
701;http://cmo.com;error;0
703;http://openx.org;error;0
704;http://telenet.be;error;0
706;http://appadvice.com;error;0
707;http://sorensonvrs.com;error;0
708;http://assurancewireless.com;error;0
710;http://osiaffiliate.com;error;0
713;http://website.ws;error;0
714;http://exede.com;error;0
715;http://qwestoffice.net;error;0
716;http://excite.co.jp;error;0
719;http://url.com;error;0
720;http://whatismyipaddress.com;error;0
721;http://savenkeep.com;error;0
723;http://eukhost.com;error;0
725;http://echostar.com;error;0
726;http://publicrecords.com;error;0
727;http://bellsouth.com;error;0
728;http://dotster.com;error;0
730;http://viaero.com;error;0
731;http://limestonenetworks.com;error;0
734;http://exabytes.com;error;0
735;http://seo.com;error;0
736;http://socialblade.com;error;0
738;http://morningprint.com;error;0
739;http://howlifeworks.com;error;0
742;http://pagesperso-orange.fr;error;0
745;http://freeiz.com;error;0
746;http://brainhost.com;error;0
747;http://starhub.com;error;0
750;http://site24x7.com;error;0
751;http://coveroo.com;error;0
753;http://cmswire.com;error;0
754;http://localnet.com;error;0
757;http://talkfusion.com;error;0
762;http://telestial.com;error;0
763;http://4t.com;error;0
765;http://uverse.com;error;0
766;http://zetaboards.com;error;0
767;http://trafficwave.net;error;0
769;http://pragmaticworks.com;error;0
770;http://comcastbiz.net;error;0
771;http://doteasy.com;error;0
772;http://bicsi.org;error;0
773;http://atwebpages.com;error;0
774;http://sperrysoftware.com;error;0
778;http://aflglobal.com;error;0
779;http://emailfinder.com;error;0
780;http://appsgeyser.com;error;0
781;http://balsamiq.com;error;0
783;http://windstream.net;error;0
785;http://conversocial.com;error;0
786;http://mooo.com;error;0
787;http://leadbolt.com;error;0
788;http://advantech.com.tw;error;0
789;http://cordlessworkz.com;error;0
791;http://onlinehome.us;error;0
793;http://mojo-themes.com;error;0
794;http://afternic.com;error;0
795;http://roadrunner.com;error;0
798;http://dynadot.com;error;0
800;http://tiptopwebsite.com;error;0
802;http://socialgo.com;error;0
803;http://dishlatino.com;error;0
804;http://startlogic.com;error;0
805;http://alaskacommunications.com;error;0
806;http://androidpolice.com;error;0
807;http://avea.com.tr;error;0
808;http://us.com;error;0
809;http://webatu.com;error;0
810;http://t-mobile.pl;error;0
811;http://ctia.org;error;0
812;http://dyndns.org;error;0
813;http://prankdial.com;error;0
814;http://sync2.com;error;0
815;http://zamzar.com;error;0
816;http://progrexion.com;error;0
817;http://idnes.cz;error;0
822;http://atlanticbt.com;error;0
823;http://thesslstore.com;error;0
824;http://qualityunit.com;error;0
830;http://serverintellect.com;error;0
831;http://hamradiolicenseexam.com;error;0
832;http://hsselite.com;error;0
833;http://jsu.edu;error;0
834;http://codecademy.com;error;0
836;http://appnovation.com;error;0
838;http://tut.by;error;0
840;http://deviceanywhere.com;error;0
843;http://fortumo.com;error;0
844;http://highervisibility.com;error;0
846;http://searchmarketing.com;error;0
847;http://magicjack.com;error;0
849;http://mts.com;error;0
852;http://searchbug.com;error;0
853;http://ipevo.com;error;0
855;http://mongoosemetrics.com;error;0
856;http://irise.com;error;0
859;http://hotmail.com;error;0
860;http://cellhut.com;error;0
861;http://oversee.net;error;0
866;http://101phones.com;error;0
868;http://allwebcodesign.com;error;0
869;http://brinkster.net;error;0
870;http://pku.edu.cn;error;0
871;http://biglobe.ne.jp;error;0
872;http://aricent.com;error;0
873;http://spoofcard.com;error;0
874;http://cmworks.com;error;0
877;http://tigo.com.gt;error;0
878;http://onebox.com;error;0
881;http://midcocomm.com;error;0
883;http://kabeldeutschland.de;error;0
886;http://online.de;error;0
888;http://mylikes.com;error;0
889;http://gototraining.com;error;0
890;http://wordtracker.com;error;0
891;http://appappeal.com;error;0
899;http://onesimcard.com;error;0
900;http://siemon.com;error;0
903;http://oxygenxml.com;error;0
906;http://voodoo.com;error;0
907;http://hongkiat.com;error;0
909;http://dsstyles.com;error;0
911;http://mailinator.com;error;0
912;http://gelaskins.com;error;0
915;http://keku.com;error;0
916;http://sonetel.com;error;0
917;http://x10.com;error;0
919;http://wildblue.com;error;0
920;http://eurodns.com;error;0
921;http://mysimplemobile.com;error;0
923;http://mynewsletterbuilder.com;error;0
925;http://lolipop.jp;error;0
927;http://8m.com;error;0
928;http://symanteccloud.com;error;0
930;http://x10.mx;error;0
932;http://000webhost.com;error;0
940;http://offervault.com;error;0
942;http://onetouch.com;error;0
945;http://websitepulse.com;error;0
946;http://ic.cz;error;0
948;http://slickwraps.com;error;0
952;http://stackideas.com;error;0
953;http://linksynergy.com;error;0
954;http://zixcorp.com;error;0
955;http://handhelditems.com;error;0
957;http://listbox.com;error;0
960;http://baydin.com;error;0
961;http://drippler.com;error;0
962;http://dataviz.com;error;0
966;http://wiggio.com;error;0
967;http://heliohost.org;error;0
970;http://rockettheme.com;error;0
971;http://drupalgardens.com;error;0
973;http://covario.com;error;0
977;http://uk2.net;error;0
978;http://whmcs.com;error;0
979;http://neuf.fr;error;0
980;http://blurbpoint.com;error;0
981;http://sogosurvey.com;error;0
982;http://weaknees.com;error;0
983;http://thebigboss.org;error;0
984;http://portent.com;error;0
985;http://pcb.com;error;0
986;http://bravehost.com;error;0
987;http://sudokuprofessor.com;error;0
988;http://activecampaign.com;error;0
989;http://onlinephonestore.com;error;0
990;http://eatel.com;error;0
991;http://tether.com;error;0
992;http://voipsupply.com;error;0
993;http://piwik.org;error;0
994;http://nana10.co.il;error;0
995;http://4team.biz;error;0
996;http://entireweb.com;error;0
997;http://gosphero.com;error;0
998;http://iana.org;error;0
999;http://lunametrics.com;error;0
